user_id,username,email,passw
1,johnVet,john.vet@gmail.com,john@123
2,Daniel,Daniel@gmail.com,Daniel22
3,Emily22,Emily22@gmail.com,Emily123
4,James123,James123@yahoo.com,James456
5,Sophia_1,Sophia_1@hotmail.com,Sophia789
6,Oliver99,Oliver99@outlook.com,Oliver987
7,Ava88,Ava88@gmail.com,Ava456
8,Liam_Green,Liam_Green@yahoo.com,Liam987
9,EmmaSmith,EmmaSmith@gmail.com,Emma123
10,Noah_Brown,Noah_Brown@hotmail.com,Noah456
11,Isabella22,Isabella22@gmail.com,Isabella789
12,Lucas_1999,Lucas_1999@yahoo.com,Lucas123
13,MiaK,MiaK@gmail.com,Mia456
14,William_Jones,William_Jones@hotmail.com,William789
15,Charlotte_C,Charlotte_C@yahoo.com,Charlotte123
16,Benjamin_A,Benjamin_A@gmail.com,Benjamin456
17,Amelia_Olson,Amelia_Olson@hotmail.com,Amelia789
18,Ethan_Miller,Ethan_Miller@yahoo.com,Ethan123
19,Harper_W,Harper_W@gmail.com,Harper456
20,Michael_D,Michael_D@hotmail.com,Michael789
21,EvelynSmith,EvelynSmith@yahoo.com,Evelyn123
22,Daniel.P,Daniel.P@gmail.com,Daniel.P123
23,Emily.Brown,Emily.Brown@hotmail.com,Emily.Brown456
24,JamesCarter,JamesCarter@gmail.com,JamesCarter789
25,Sophia2,Sophia2@yahoo.com,Sophia2_123
26,Olivia_R,Olivia_R@hotmail.com,Olivia_R456
27,LiamSmith,LiamSmith@gmail.com,LiamSmith789
28,Emma_Wilson,Emma_Wilson@yahoo.com,Emma_Wilson123
29,NoahJones,NoahJones@hotmail.com,NoahJones456
30,Isabella_White,Isabella_White@gmail.com,Isabella_White789
31,Lucas_Brown,Lucas_Brown@yahoo.com,Lucas_Brown123
32,Mia.D,Mia.D@gmail.com,Mia.D456
33,William.Parker,William.Parker@hotmail.com,William.Parker789
34,CharlotteCarter,CharlotteCarter@yahoo.com,CharlotteCarter123
35,Benjamin_W,Benjamin_W@gmail.com,Benjamin_W456
36,AmeliaJ,AmeliaJ@hotmail.com,AmeliaJ789
37,EthanG,EthanG@gmail.com,EthanG123
38,Harper.White,Harper.White@yahoo.com,Harper.White456
39,Michael.Smith,Michael.Smith@gmail.com,Michael.Smith789
40,Evelyn_H,Evelyn_H@hotmail.com,Evelyn_H123
41,DanielC,DanielC@yahoo.com,DanielC456
42,Emily.W,Emily.W@gmail.com,Emily.W789
43,James_P,James_P@hotmail.com,James_P123
44,SophiaCarter,SophiaCarter@yahoo.com,SophiaCarter456
45,Olivia.G,Olivia.G@gmail.com,Olivia.G789
46,Liam_Brown,Liam_Brown@hotmail.com,Liam_Brown123
47,Emma.K,Emma.K@yahoo.com,Emma.K456
48,Sophie_34,Sophie_34@gmail.com,Sophie_123
49,MaxSmith,MaxSmith@hotmail.com,Max789
50,Aria.Jones,Aria.Jones@yahoo.com,Aria456
